{"cameraMode":{"drawMode":0,"name":"Shaded","section":"Shading Mode"},"sceneLighting":false,"audioPlay":false,"sceneViewState":{"m_AlwaysRefresh":false,"showFog":true,"showSkybox":false,"showFlares":true,"showImageEffects":true,"showParticleSystems":true,"showVisualEffectGraphs":true,"m_FxEnabled":true},"in2DMode":false,"pivot":{"x":13.466453552246094,"y":-1.7300000190734864,"z":-12.879127502441407},"rotation":{"x":-0.149716317653656,"y":0.018383389338850976,"z":-0.0027880531270056965,"w":-0.9885542988777161},"size":0.8660253882408142,"orthographic":false}